address,drink_names,prices,ratings,statuss,store_names
"19 An Trung Đông 4, P. An Hải Bắc, Quận Sơn Trà, Đà Nẵng",Nước chanh xí muội,29000,4.5,Còn hàng,The Nap Cafe
"19 An Trung Đông 4, P. An Hải Bắc, Quận Sơn Trà, Đà Nẵng",Sữa Chua Cà Phê,30000,4.5,Còn hàng,The Nap Cafe
"155 Lê Đình Lý, P. Hòa Thuận Đông, Quận Hải Châu, Đà Nẵng",Pudding Khoai Môn,5000,4.5,Còn hàng,Cafe & Trà Sữa BandB - Lê Đình Lý
"953 Ngô Quyền, Quận Sơn Trà, Đà Nẵng",Thuyền nhỏ trái cây,35000,4.5,Còn hàng,Hali - Juice & Coffee - Ngô Quyền
"1877 Nguyễn Tất Thành, P. Thanh Khê Tây, Quận Liên Chiểu, Đà Nẵng",Xúc Xích Chiên ( 1 Xiên ),12000,4.5,Còn hàng,Fast Way Tea - Sữa Tươi Trân Châu - Nguyễn Tất Thành
"42 - 44 Hồ Tương, P. Thanh Khê Đông, Quận Thanh Khê, Đà Nẵng",Socola đá xay tiramisu,32000,4.5,Còn hàng,My's Coffee
"5 Phan Đình Phùng, P. Hải Châu I, Quận Hải Châu, Đà Nẵng",1 chai Thái Xanh Còn hàng Khúc Bạch,32000,4.5,Còn hàng,Boconganh Bobatea
"122 Lương Nhữ Hộc, P. Hoà Cường Bắc, Quận Hải Châu, Đà Nẵng",Nước chanh sả hạt chia (đá),22000,4.5,Còn hàng,Vivi's Coffee House
"154 Dũng Sĩ Thanh Khê, P. Thanh Khê Tây, Quận Thanh Khê, Đà Nẵng",Hồng Trà Vải,25000,4.5,Còn hàng,Trà Sữa Mixue - Dũng Sĩ Thanh Khê
"K126/23 Nguyễn Duy Hiệu, P. An Hải Đông, Quận Sơn Trà, Đà Nẵng",Cacao Trân Châu Đường Đen Kem Trứng,35000,4.5,Còn hàng,2CE - Trà Sữa & Ăn Vặt
"382 Nguyễn Hoàng, P. Bình Thuận, Quận Hải Châu, Đà Nẵng",Đậu xanh rau má nước dừa,20000,4.5,Còn hàng,Sinh Tố - Nước Ép Cô Thu - Nguyễn Hoàng
"292A Tôn Đản, P. Hòa An, Quận Cẩm Lệ, Đà Nẵng",Bánh Tráng Lát Thập Cẩm,15000,4.5,Còn hàng,BandB - Cafe & Trà Sữa - Tôn Đản
"10 Khúc Hạo, P. Mân Thái, Quận Sơn Trà, Đà Nẵng",Trà đào cam sả,25000,4.5,Còn hàng,Trà Sữa & Cà Phê Sắc Màu
"20 An Trung 2, P. An Hải Tây, Quận Sơn Trà, Đà Nẵng",Weight loss: giảm cân 3,40000,4.5,Còn hàng,Sunny Coffee - An Trung 2
"78 Ngô Thì Nhậm, P. Hoà Minh, Quận Liên Chiểu, Đà Nẵng",Cà phê đen Sài Gòn,15000,4.5,Còn hàng,Sinh Tố Nga
"209 Phan Đăng Lưu, P. Khuê Trung, Quận Cẩm Lệ, Đà Nẵng",Sinh tố chanh dây,32000,4.5,Còn hàng,Milano Coffee - Phan Đăng Lưu
"605B Tôn Đức Thắng, P Hòa Khánh Nam, Quận Liên Chiểu, Đà Nẵng",Trà Quất Đào Hồng,25000,4.5,Còn hàng,Mao - Coffee & BoBa Tea
"19 An Trung Đông 4, P. An Hải Bắc, Quận Sơn Trà, Đà Nẵng",Da cá trứng muối,40000,4.5,Còn hàng,The Nap Cafe
"155 Lê Đình Lý, P. Hòa Thuận Đông, Quận Hải Châu, Đà Nẵng",Thạch Trà Xanh,5000,4.5,Còn hàng,Cafe & Trà Sữa BandB - Lê Đình Lý
"953 Ngô Quyền, Quận Sơn Trà, Đà Nẵng",Thuyền lớn trái cây,50000,4.5,Còn hàng,Hali - Juice & Coffee - Ngô Quyền
"1877 Nguyễn Tất Thành, P. Thanh Khê Tây, Quận Liên Chiểu, Đà Nẵng",Gà Xiên Chiên ( 1 Xiên ),18000,4.5,Còn hàng,Fast Way Tea - Sữa Tươi Trân Châu - Nguyễn Tất Thành
"42 - 44 Hồ Tương, P. Thanh Khê Đông, Quận Thanh Khê, Đà Nẵng",Socola đá xay vani,32000,4.5,Còn hàng,My's Coffee
"5 Phan Đình Phùng, P. Hải Châu I, Quận Hải Châu, Đà Nẵng",1 chai Truyền Thống Còn hàng Jelly,30000,4.5,Còn hàng,Boconganh Bobatea
"122 Lương Nhữ Hộc, P. Hoà Cường Bắc, Quận Hải Châu, Đà Nẵng",Nước chanh,18000,4.5,Còn hàng,Vivi's Coffee House
"154 Dũng Sĩ Thanh Khê, P. Thanh Khê Tây, Quận Thanh Khê, Đà Nẵng",Trà Sữa 3Q,25000,4.5,Còn hàng,Trà Sữa Mixue - Dũng Sĩ Thanh Khê
"K126/23 Nguyễn Duy Hiệu, P. An Hải Đông, Quận Sơn Trà, Đà Nẵng",Sữa Tươi Than Tre Trân Châu Đường Đen Kem Cheese,40000,4.5,Còn hàng,2CE - Trà Sữa & Ăn Vặt
"382 Nguyễn Hoàng, P. Bình Thuận, Quận Hải Châu, Đà Nẵng",Trà đào. Trà vải. Trà chanh. Trà dâu. Trà tắc.,17000,4.5,Còn hàng,Sinh Tố - Nước Ép Cô Thu - Nguyễn Hoàng
"292A Tôn Đản, P. Hòa An, Quận Cẩm Lệ, Đà Nẵng",Bento Lớn,18000,4.5,Còn hàng,BandB - Cafe & Trà Sữa - Tôn Đản
"10 Khúc Hạo, P. Mân Thái, Quận Sơn Trà, Đà Nẵng",Cà rốt sữa,18000,4.5,Còn hàng,Trà Sữa & Cà Phê Sắc Màu
"20 An Trung 2, P. An Hải Tây, Quận Sơn Trà, Đà Nẵng",Cleanse: thanh lọc,45000,4.5,Còn hàng,Sunny Coffee - An Trung 2
"78 Ngô Thì Nhậm, P. Hoà Minh, Quận Liên Chiểu, Đà Nẵng",Sinh tố hoa quả dầm,20000,4.5,Còn hàng,Sinh Tố Nga
"209 Phan Đăng Lưu, P. Khuê Trung, Quận Cẩm Lệ, Đà Nẵng",Sinh tố Milano,32000,4.5,Còn hàng,Milano Coffee - Phan Đăng Lưu
"605B Tôn Đức Thắng, P Hòa Khánh Nam, Quận Liên Chiểu, Đà Nẵng",Trà ổi hồng thanh long,27000,4.5,Còn hàng,Mao - Coffee & BoBa Tea
"19 An Trung Đông 4, P. An Hải Bắc, Quận Sơn Trà, Đà Nẵng",Hạt hướng dương,15000,4.5,Còn hàng,The Nap Cafe
"15 Yên Bái, P. Hải Châu 1, Quận Hải Châu, Đà Nẵng",Granita mâm xôi,36000,4.5,Còn hàng,Smile Coffee
"155 Lê Đình Lý, P. Hòa Thuận Đông, Quận Hải Châu, Đà Nẵng",Khúc Bạch Sữa,5000,4.5,Còn hàng,Cafe & Trà Sữa BandB - Lê Đình Lý
"953 Ngô Quyền, Quận Sơn Trà, Đà Nẵng",Xúc xích,10000,4.5,Còn hàng,Hali - Juice & Coffee - Ngô Quyền
"42 - 44 Hồ Tương, P. Thanh Khê Đông, Quận Thanh Khê, Đà Nẵng",Socola đá xay caraman,32000,4.5,Còn hàng,My's Coffee
"5 Phan Đình Phùng, P. Hải Châu I, Quận Hải Châu, Đà Nẵng",1 chai Thái Xanh Còn hàng Trân Châu Đen,30000,4.5,Còn hàng,Boconganh Bobatea
"122 Lương Nhữ Hộc, P. Hoà Cường Bắc, Quận Hải Châu, Đà Nẵng",Chanh tuyết,25000,4.5,Còn hàng,Vivi's Coffee House
"154 Dũng Sĩ Thanh Khê, P. Thanh Khê Tây, Quận Thanh Khê, Đà Nẵng",Trà Sữa Trân Châu Đường Đen,25000,4.5,Còn hàng,Trà Sữa Mixue - Dũng Sĩ Thanh Khê
"K126/23 Nguyễn Duy Hiệu, P. An Hải Đông, Quận Sơn Trà, Đà Nẵng",Sữa Tươi Than Tre Trân Châu Đường Đen Kem Trứng,40000,4.5,Còn hàng,2CE - Trà Sữa & Ăn Vặt
"382 Nguyễn Hoàng, P. Bình Thuận, Quận Hải Châu, Đà Nẵng",Thơm.Còn hàng ổi,15000,4.5,Còn hàng,Sinh Tố - Nước Ép Cô Thu - Nguyễn Hoàng
"292A Tôn Đản, P. Hòa An, Quận Cẩm Lệ, Đà Nẵng",Bento Nhỏ,6000,4.5,Còn hàng,BandB - Cafe & Trà Sữa - Tôn Đản
"10 Khúc Hạo, P. Mân Thái, Quận Sơn Trà, Đà Nẵng",Cam tươi đá,24000,4.5,Còn hàng,Trà Sữa & Cà Phê Sắc Màu
"20 An Trung 2, P. An Hải Tây, Quận Sơn Trà, Đà Nẵng",Weight loss: giảm cân 2,40000,4.5,Còn hàng,Sunny Coffee - An Trung 2
"78 Ngô Thì Nhậm, P. Hoà Minh, Quận Liên Chiểu, Đà Nẵng",Sinh tố bơ,25000,4.5,Còn hàng,Sinh Tố Nga
"209 Phan Đăng Lưu, P. Khuê Trung, Quận Cẩm Lệ, Đà Nẵng",Sinh tố phúc bồn tử,30000,4.5,Còn hàng,Milano Coffee - Phan Đăng Lưu
"605B Tôn Đức Thắng, P Hòa Khánh Nam, Quận Liên Chiểu, Đà Nẵng",Trà Vải Hạt Chia,25000,4.5,Còn hàng,Mao - Coffee & BoBa Tea
"19 An Trung Đông 4, P. An Hải Bắc, Quận Sơn Trà, Đà Nẵng",Cafe Latte,42000,4.5,Còn hàng,The Nap Cafe
"15 Yên Bái, P. Hải Châu 1, Quận Hải Châu, Đà Nẵng",Nước cam,29000,4.5,Còn hàng,Smile Coffee
"155 Lê Đình Lý, P. Hòa Thuận Đông, Quận Hải Châu, Đà Nẵng",Sữa tươi trân châu đường nâu kem chesse,28000,4.5,Còn hàng,Cafe & Trà Sữa BandB - Lê Đình Lý
"953 Ngô Quyền, Quận Sơn Trà, Đà Nẵng",Nem chua rán,25000,4.5,Còn hàng,Hali - Juice & Coffee - Ngô Quyền
"42 - 44 Hồ Tương, P. Thanh Khê Đông, Quận Thanh Khê, Đà Nẵng",Sinh tố bơ,29000,4.5,Còn hàng,My's Coffee
"5 Phan Đình Phùng, P. Hải Châu I, Quận Hải Châu, Đà Nẵng",1 chai Thái Xanh Còn hàng Jelly,30000,4.5,Còn hàng,Boconganh Bobatea
"122 Lương Nhữ Hộc, P. Hoà Cường Bắc, Quận Hải Châu, Đà Nẵng",Cà rốt Còn hàng sữa chua,22000,4.5,Còn hàng,Vivi's Coffee House
"154 Dũng Sĩ Thanh Khê, P. Thanh Khê Tây, Quận Thanh Khê, Đà Nẵng",Trà sữa bá vương,30000,4.5,Còn hàng,Trà Sữa Mixue - Dũng Sĩ Thanh Khê
"154 Dũng Sĩ Thanh Khê, P. Thanh Khê Tây, Quận Thanh Khê, Đà Nẵng",Dương Chi Cam Lộ,35000,4.5,Còn hàng,Trà Sữa Mixue - Dũng Sĩ Thanh Khê
"K126/23 Nguyễn Duy Hiệu, P. An Hải Đông, Quận Sơn Trà, Đà Nẵng",Cá Viên Singapore,10000,4.5,Còn hàng,2CE - Trà Sữa & Ăn Vặt
"382 Nguyễn Hoàng, P. Bình Thuận, Quận Hải Châu, Đà Nẵng",NƯỚC ÉP TÁO,23000,4.5,Còn hàng,Sinh Tố - Nước Ép Cô Thu - Nguyễn Hoàng
"382 Nguyễn Hoàng, P. Bình Thuận, Quận Hải Châu, Đà Nẵng",Nước ép cà rốt,16000,4.5,Còn hàng,Sinh Tố - Nước Ép Cô Thu - Nguyễn Hoàng
"292A Tôn Đản, P. Hòa An, Quận Cẩm Lệ, Đà Nẵng",Nước Chanh Cam Sả,22000,4.5,Còn hàng,BandB - Cafe & Trà Sữa - Tôn Đản
"10 Khúc Hạo, P. Mân Thái, Quận Sơn Trà, Đà Nẵng",Cam tươi không đá có đường,30000,4.5,Còn hàng,Trà Sữa & Cà Phê Sắc Màu
"10 Khúc Hạo, P. Mân Thái, Quận Sơn Trà, Đà Nẵng",Cà chua sữa,18000,4.5,Còn hàng,Trà Sữa & Cà Phê Sắc Màu
"20 An Trung 2, P. An Hải Tây, Quận Sơn Trà, Đà Nẵng",Green forest: rừng xanh,45000,4.5,Còn hàng,Sunny Coffee - An Trung 2
"78 Ngô Thì Nhậm, P. Hoà Minh, Quận Liên Chiểu, Đà Nẵng",Sinh tố bơ Còn hàng mãng cầu,20000,4.5,Còn hàng,Sinh Tố Nga
"209 Phan Đăng Lưu, P. Khuê Trung, Quận Cẩm Lệ, Đà Nẵng",Soda bạc hà,30000,4.5,Còn hàng,Milano Coffee - Phan Đăng Lưu
"605B Tôn Đức Thắng, P Hòa Khánh Nam, Quận Liên Chiểu, Đà Nẵng",Trà Dâu,25000,4.5,Còn hàng,Mao - Coffee & BoBa Tea
"19 An Trung Đông 4, P. An Hải Bắc, Quận Sơn Trà, Đà Nẵng",Cafe Mocha,45000,4.5,Còn hàng,The Nap Cafe
"15 Yên Bái, P. Hải Châu 1, Quận Hải Châu, Đà Nẵng",Socolate,30000,4.5,Còn hàng,Smile Coffee
"155 Lê Đình Lý, P. Hòa Thuận Đông, Quận Hải Châu, Đà Nẵng",Yogurt xoài,23000,4.5,Còn hàng,Cafe & Trà Sữa BandB - Lê Đình Lý
"953 Ngô Quyền, Quận Sơn Trà, Đà Nẵng",Hồ lô,10000,4.5,Còn hàng,Hali - Juice & Coffee - Ngô Quyền
"42 - 44 Hồ Tương, P. Thanh Khê Đông, Quận Thanh Khê, Đà Nẵng",Sinh tố dâu,29000,4.5,Còn hàng,My's Coffee
"5 Phan Đình Phùng, P. Hải Châu I, Quận Hải Châu, Đà Nẵng",Cafe Đen nguyên chất chai 330ml,45000,4.5,Còn hàng,Boconganh Bobatea
"122 Lương Nhữ Hộc, P. Hoà Cường Bắc, Quận Hải Châu, Đà Nẵng",Thơm Còn hàng sữa chua,22000,4.5,Còn hàng,Vivi's Coffee House
"154 Dũng Sĩ Thanh Khê, P. Thanh Khê Tây, Quận Thanh Khê, Đà Nẵng",Trà Sữa Thạch Dừa,25000,4.5,Còn hàng,Trà Sữa Mixue - Dũng Sĩ Thanh Khê
"K126/23 Nguyễn Duy Hiệu, P. An Hải Đông, Quận Sơn Trà, Đà Nẵng",Hồ Lô,12000,4.5,Còn hàng,2CE - Trà Sữa & Ăn Vặt
"382 Nguyễn Hoàng, P. Bình Thuận, Quận Hải Châu, Đà Nẵng",Nước ép cam Còn hàng cà rốt,20000,4.5,Còn hàng,Sinh Tố - Nước Ép Cô Thu - Nguyễn Hoàng
"292A Tôn Đản, P. Hòa An, Quận Cẩm Lệ, Đà Nẵng",Nước Chanh Muối,15000,4.5,Còn hàng,BandB - Cafe & Trà Sữa - Tôn Đản
"10 Khúc Hạo, P. Mân Thái, Quận Sơn Trà, Đà Nẵng",Sữa tươi Trân châu đường đen size 500ml,18000,4.5,Còn hàng,Trà Sữa & Cà Phê Sắc Màu
"20 An Trung 2, P. An Hải Tây, Quận Sơn Trà, Đà Nẵng",Đẹp Da,45000,4.5,Còn hàng,Sunny Coffee - An Trung 2
"78 Ngô Thì Nhậm, P. Hoà Minh, Quận Liên Chiểu, Đà Nẵng",Sinh tố mãng cầu,20000,4.5,Còn hàng,Sinh Tố Nga
"209 Phan Đăng Lưu, P. Khuê Trung, Quận Cẩm Lệ, Đà Nẵng",Soda chanh,30000,4.5,Còn hàng,Milano Coffee - Phan Đăng Lưu
"605B Tôn Đức Thắng, P Hòa Khánh Nam, Quận Liên Chiểu, Đà Nẵng",Trà Chanh Leo Thanh Long Đỏ,27000,4.5,Còn hàng,Mao - Coffee & BoBa Tea
"19 An Trung Đông 4, P. An Hải Bắc, Quận Sơn Trà, Đà Nẵng",Caramel Macchiato,45000,4.5,Còn hàng,The Nap Cafe
"15 Yên Bái, P. Hải Châu 1, Quận Hải Châu, Đà Nẵng",Strawberry,30000,4.5,Còn hàng,Smile Coffee
"155 Lê Đình Lý, P. Hòa Thuận Đông, Quận Hải Châu, Đà Nẵng",Yogurt chanh dây,23000,4.5,Còn hàng,Cafe & Trà Sữa BandB - Lê Đình Lý
"953 Ngô Quyền, Quận Sơn Trà, Đà Nẵng",Chân gà sả ớt,30000,4.5,Còn hàng,Hali - Juice & Coffee - Ngô Quyền
"42 - 44 Hồ Tương, P. Thanh Khê Đông, Quận Thanh Khê, Đà Nẵng",Sinh tố xoài,29000,4.5,Còn hàng,My's Coffee
"5 Phan Đình Phùng, P. Hải Châu I, Quận Hải Châu, Đà Nẵng",Cafe Đen nguyên chất chai 500ml,70000,4.5,Còn hàng,Boconganh Bobatea
"122 Lương Nhữ Hộc, P. Hoà Cường Bắc, Quận Hải Châu, Đà Nẵng",Yogurt việt quất (đá viên),25000,4.5,Còn hàng,Vivi's Coffee House
"122 Lương Nhữ Hộc, P. Hoà Cường Bắc, Quận Hải Châu, Đà Nẵng",Yogurt dâu (đá viên),25000,4.5,Còn hàng,Vivi's Coffee House
"154 Dũng Sĩ Thanh Khê, P. Thanh Khê Tây, Quận Thanh Khê, Đà Nẵng",Trà Sữa 2J,25000,4.5,Còn hàng,Trà Sữa Mixue - Dũng Sĩ Thanh Khê
"K126/23 Nguyễn Duy Hiệu, P. An Hải Đông, Quận Sơn Trà, Đà Nẵng",Kimpap Chiên,25000,4.5,Còn hàng,2CE - Trà Sữa & Ăn Vặt
"382 Nguyễn Hoàng, P. Bình Thuận, Quận Hải Châu, Đà Nẵng",Nước chanh dây,20000,4.5,Còn hàng,Sinh Tố - Nước Ép Cô Thu - Nguyễn Hoàng
"292A Tôn Đản, P. Hòa An, Quận Cẩm Lệ, Đà Nẵng",Kem Plan,5000,4.5,Còn hàng,BandB - Cafe & Trà Sữa - Tôn Đản
"10 Khúc Hạo, P. Mân Thái, Quận Sơn Trà, Đà Nẵng",Trà Sữa Thái Xanh Size 650ml Đặc Biệt,25000,4.5,Còn hàng,Trà Sữa & Cà Phê Sắc Màu
"20 An Trung 2, P. An Hải Tây, Quận Sơn Trà, Đà Nẵng",Đẹp Tóc,45000,4.5,Còn hàng,Sunny Coffee - An Trung 2
"20 An Trung 2, P. An Hải Tây, Quận Sơn Trà, Đà Nẵng",Cacao đá xay,40000,4.5,Còn hàng,Sunny Coffee - An Trung 2
"78 Ngô Thì Nhậm, P. Hoà Minh, Quận Liên Chiểu, Đà Nẵng",Sinh tố sampôchê,20000,4.5,Còn hàng,Sinh Tố Nga
"209 Phan Đăng Lưu, P. Khuê Trung, Quận Cẩm Lệ, Đà Nẵng",Soda dâu,30000,4.5,Còn hàng,Milano Coffee - Phan Đăng Lưu
"605B Tôn Đức Thắng, P Hòa Khánh Nam, Quận Liên Chiểu, Đà Nẵng",Trà Chanh Hoa Đậu Biếc,22000,4.5,Còn hàng,Mao - Coffee & BoBa Tea
"19 An Trung Đông 4, P. An Hải Bắc, Quận Sơn Trà, Đà Nẵng",Americano,39000,4.5,Còn hàng,The Nap Cafe
"15 Yên Bái, P. Hải Châu 1, Quận Hải Châu, Đà Nẵng",Vanilla,30000,4.5,Còn hàng,Smile Coffee
"155 Lê Đình Lý, P. Hòa Thuận Đông, Quận Hải Châu, Đà Nẵng",Sữa Chua Việt Quất,23000,4.5,Còn hàng,Cafe & Trà Sữa BandB - Lê Đình Lý
"155 Lê Đình Lý, P. Hòa Thuận Đông, Quận Hải Châu, Đà Nẵng",Sữa Chua Dâu,23000,4.5,Còn hàng,Cafe & Trà Sữa BandB - Lê Đình Lý
"953 Ngô Quyền, Quận Sơn Trà, Đà Nẵng",Khô gà,30000,4.5,Còn hàng,Hali - Juice & Coffee - Ngô Quyền
"42 - 44 Hồ Tương, P. Thanh Khê Đông, Quận Thanh Khê, Đà Nẵng",Sinh tố chanh dây,29000,4.5,Còn hàng,My's Coffee
"5 Phan Đình Phùng, P. Hải Châu I, Quận Hải Châu, Đà Nẵng",Sữa chua thạch,23000,4.5,Còn hàng,Boconganh Bobatea
"122 Lương Nhữ Hộc, P. Hoà Cường Bắc, Quận Hải Châu, Đà Nẵng",Sữa chua dâu tươi (đá xay),35000,4.5,Còn hàng,Vivi's Coffee House
"K126/23 Nguyễn Duy Hiệu, P. An Hải Đông, Quận Sơn Trà, Đà Nẵng",Khoai Tây Chiên,15000,4.5,Còn hàng,2CE - Trà Sữa & Ăn Vặt
"382 Nguyễn Hoàng, P. Bình Thuận, Quận Hải Châu, Đà Nẵng",Nước chanh xí mụi,16000,4.5,Còn hàng,Sinh Tố - Nước Ép Cô Thu - Nguyễn Hoàng
"292A Tôn Đản, P. Hòa An, Quận Cẩm Lệ, Đà Nẵng",Trân Châu Đen,5000,4.5,Còn hàng,BandB - Cafe & Trà Sữa - Tôn Đản
"10 Khúc Hạo, P. Mân Thái, Quận Sơn Trà, Đà Nẵng",Ts Vị Socola size 500ml Đặc biệt,19000,4.5,Còn hàng,Trà Sữa & Cà Phê Sắc Màu
"20 An Trung 2, P. An Hải Tây, Quận Sơn Trà, Đà Nẵng",Trà xanh đá xay,40000,4.5,Còn hàng,Sunny Coffee - An Trung 2
"78 Ngô Thì Nhậm, P. Hoà Minh, Quận Liên Chiểu, Đà Nẵng",Sinh tố dâu Còn hàng mãng cầu,20080,4.5,Còn hàng,Sinh Tố Nga
"209 Phan Đăng Lưu, P. Khuê Trung, Quận Cẩm Lệ, Đà Nẵng",Soda chanh dây,30000,4.5,Còn hàng,Milano Coffee - Phan Đăng Lưu
"605B Tôn Đức Thắng, P Hòa Khánh Nam, Quận Liên Chiểu, Đà Nẵng",Trà Hoa Đậu Biếc Kem Cheese,27000,4.5,Còn hàng,Mao - Coffee & BoBa Tea
"19 An Trung Đông 4, P. An Hải Bắc, Quận Sơn Trà, Đà Nẵng",Matcha Latte,42000,4.5,Còn hàng,The Nap Cafe
"15 Yên Bái, P. Hải Châu 1, Quận Hải Châu, Đà Nẵng",Sinh tố dâu,32000,4.5,Còn hàng,Smile Coffee
"155 Lê Đình Lý, P. Hòa Thuận Đông, Quận Hải Châu, Đà Nẵng",Sữa chua chanh dây,23000,4.5,Còn hàng,Cafe & Trà Sữa BandB - Lê Đình Lý
"953 Ngô Quyền, Quận Sơn Trà, Đà Nẵng",Cá viên chiên,10000,4.5,Còn hàng,Hali - Juice & Coffee - Ngô Quyền
"42 - 44 Hồ Tương, P. Thanh Khê Đông, Quận Thanh Khê, Đà Nẵng",Sinh tố cà chua,29000,4.5,Còn hàng,My's Coffee
"122 Lương Nhữ Hộc, P. Hoà Cường Bắc, Quận Hải Châu, Đà Nẵng",Yogurt chanh dây (đá viên),25000,4.5,Còn hàng,Vivi's Coffee House
"K126/23 Nguyễn Duy Hiệu, P. An Hải Đông, Quận Sơn Trà, Đà Nẵng",Khoai Lang Kén,18000,4.5,Còn hàng,2CE - Trà Sữa & Ăn Vặt
"382 Nguyễn Hoàng, P. Bình Thuận, Quận Hải Châu, Đà Nẵng",Nước ép cóc. Cà chua. Cà rốt. Ổi.,20000,4.5,Còn hàng,Sinh Tố - Nước Ép Cô Thu - Nguyễn Hoàng
"292A Tôn Đản, P. Hòa An, Quận Cẩm Lệ, Đà Nẵng",Trân Châu Trắng,6000,4.5,Còn hàng,BandB - Cafe & Trà Sữa - Tôn Đản
"10 Khúc Hạo, P. Mân Thái, Quận Sơn Trà, Đà Nẵng",TS Truyền Thống Size 650ml Đặc biệt,25000,4.5,Còn hàng,Trà Sữa & Cà Phê Sắc Màu
"20 An Trung 2, P. An Hải Tây, Quận Sơn Trà, Đà Nẵng",Việt quất đá xay,40000,4.5,Còn hàng,Sunny Coffee - An Trung 2
"78 Ngô Thì Nhậm, P. Hoà Minh, Quận Liên Chiểu, Đà Nẵng",Sinh tố xoài,20000,4.5,Còn hàng,Sinh Tố Nga
"209 Phan Đăng Lưu, P. Khuê Trung, Quận Cẩm Lệ, Đà Nẵng",Soda dâu đá bào,30000,4.5,Còn hàng,Milano Coffee - Phan Đăng Lưu
"605B Tôn Đức Thắng, P Hòa Khánh Nam, Quận Liên Chiểu, Đà Nẵng",Trà xoài kem cheese,25000,4.5,Còn hàng,Mao - Coffee & BoBa Tea
"19 An Trung Đông 4, P. An Hải Bắc, Quận Sơn Trà, Đà Nẵng",Espresso,35000,4.5,Còn hàng,The Nap Cafe
"15 Yên Bái, P. Hải Châu 1, Quận Hải Châu, Đà Nẵng",Sinh tố xoài,32000,4.5,Còn hàng,Smile Coffee
"155 Lê Đình Lý, P. Hòa Thuận Đông, Quận Hải Châu, Đà Nẵng",Sữa Chua Đá,18000,4.5,Còn hàng,Cafe & Trà Sữa BandB - Lê Đình Lý
"953 Ngô Quyền, Quận Sơn Trà, Đà Nẵng",Bò viên chiên,10000,4.5,Còn hàng,Hali - Juice & Coffee - Ngô Quyền
"42 - 44 Hồ Tương, P. Thanh Khê Đông, Quận Thanh Khê, Đà Nẵng",Yogurt dâu,30000,4.5,Còn hàng,My's Coffee
"122 Lương Nhữ Hộc, P. Hoà Cường Bắc, Quận Hải Châu, Đà Nẵng",Yogurt xoài,30000,4.5,Còn hàng,Vivi's Coffee House
"K126/23 Nguyễn Duy Hiệu, P. An Hải Đông, Quận Sơn Trà, Đà Nẵng",Mực Viên Phủ Bột,12000,4.5,Còn hàng,2CE - Trà Sữa & Ăn Vặt
"382 Nguyễn Hoàng, P. Bình Thuận, Quận Hải Châu, Đà Nẵng",Nước dâu tằm,16000,4.5,Còn hàng,Sinh Tố - Nước Ép Cô Thu - Nguyễn Hoàng
"292A Tôn Đản, P. Hòa An, Quận Cẩm Lệ, Đà Nẵng",Kem Cheese,5000,4.5,Còn hàng,BandB - Cafe & Trà Sữa - Tôn Đản
"10 Khúc Hạo, P. Mân Thái, Quận Sơn Trà, Đà Nẵng",TS Thái Xanh Size 500ml Đặc biệt,18000,4.5,Còn hàng,Trà Sữa & Cà Phê Sắc Màu
"20 An Trung 2, P. An Hải Tây, Quận Sơn Trà, Đà Nẵng",Bánh oreo đá xay,40000,4.5,Còn hàng,Sunny Coffee - An Trung 2
"78 Ngô Thì Nhậm, P. Hoà Minh, Quận Liên Chiểu, Đà Nẵng",Sinh tố bơ Còn hàng xoài,20000,4.5,Còn hàng,Sinh Tố Nga
"209 Phan Đăng Lưu, P. Khuê Trung, Quận Cẩm Lệ, Đà Nẵng",Soda đào,30000,4.5,Còn hàng,Milano Coffee - Phan Đăng Lưu
"605B Tôn Đức Thắng, P Hòa Khánh Nam, Quận Liên Chiểu, Đà Nẵng",Lục Trà Kem Cheese,25000,4.5,Còn hàng,Mao - Coffee & BoBa Tea
"19 An Trung Đông 4, P. An Hải Bắc, Quận Sơn Trà, Đà Nẵng",Cappuccino,42000,4.5,Còn hàng,The Nap Cafe
"15 Yên Bái, P. Hải Châu 1, Quận Hải Châu, Đà Nẵng",Sinh tố dừa dâu,32000,4.5,Còn hàng,Smile Coffee
"155 Lê Đình Lý, P. Hòa Thuận Đông, Quận Hải Châu, Đà Nẵng",Sữa Chua Xoài,23000,4.5,Còn hàng,Cafe & Trà Sữa BandB - Lê Đình Lý
"953 Ngô Quyền, Quận Sơn Trà, Đà Nẵng",Tôm viên chiên,10000,4.5,Còn hàng,Hali - Juice & Coffee - Ngô Quyền
"42 - 44 Hồ Tương, P. Thanh Khê Đông, Quận Thanh Khê, Đà Nẵng",Yogurt chanh dây,30000,4.5,Còn hàng,My's Coffee
"122 Lương Nhữ Hộc, P. Hoà Cường Bắc, Quận Hải Châu, Đà Nẵng",Yogurt đá viên,20000,4.5,Còn hàng,Vivi's Coffee House
"K126/23 Nguyễn Duy Hiệu, P. An Hải Đông, Quận Sơn Trà, Đà Nẵng",Nem Chua Rán ( phần lớn ),50000,4.5,Còn hàng,2CE - Trà Sữa & Ăn Vặt
"382 Nguyễn Hoàng, P. Bình Thuận, Quận Hải Châu, Đà Nẵng",Nước ép ổi,16000,4.5,Còn hàng,Sinh Tố - Nước Ép Cô Thu - Nguyễn Hoàng
"292A Tôn Đản, P. Hòa An, Quận Cẩm Lệ, Đà Nẵng",Pudding Trứng,5000,4.5,Còn hàng,BandB - Cafe & Trà Sữa - Tôn Đản
"10 Khúc Hạo, P. Mân Thái, Quận Sơn Trà, Đà Nẵng",TS Truyền thống Size 500ml,18000,4.5,Còn hàng,Trà Sữa & Cà Phê Sắc Màu
"78 Ngô Thì Nhậm, P. Hoà Minh, Quận Liên Chiểu, Đà Nẵng",Sinh tố đu đủ,20000,4.5,Còn hàng,Sinh Tố Nga
"209 Phan Đăng Lưu, P. Khuê Trung, Quận Cẩm Lệ, Đà Nẵng",Soda phúc bồn tử đá bào,30000,4.5,Còn hàng,Milano Coffee - Phan Đăng Lưu
"605B Tôn Đức Thắng, P Hòa Khánh Nam, Quận Liên Chiểu, Đà Nẵng",Trà dâu kem cheese,25000,4.5,Còn hàng,Mao - Coffee & BoBa Tea
"15 Yên Bái, P. Hải Châu 1, Quận Hải Châu, Đà Nẵng",Milk shake chocolate,29000,4.5,Còn hàng,Smile Coffee
"155 Lê Đình Lý, P. Hòa Thuận Đông, Quận Hải Châu, Đà Nẵng",Sữa Chua Hộp,10000,4.5,Còn hàng,Cafe & Trà Sữa BandB - Lê Đình Lý
"953 Ngô Quyền, Quận Sơn Trà, Đà Nẵng",Mực bento,15000,4.5,Còn hàng,Hali - Juice & Coffee - Ngô Quyền
"42 - 44 Hồ Tương, P. Thanh Khê Đông, Quận Thanh Khê, Đà Nẵng",Yogurt xoài,30000,4.5,Còn hàng,My's Coffee
"122 Lương Nhữ Hộc, P. Hoà Cường Bắc, Quận Hải Châu, Đà Nẵng",Yogurt mơ (đá viên),25000,4.5,Còn hàng,Vivi's Coffee House
"K126/23 Nguyễn Duy Hiệu, P. An Hải Đông, Quận Sơn Trà, Đà Nẵng",Ốc Nhồi,12000,4.5,Còn hàng,2CE - Trà Sữa & Ăn Vặt
"292A Tôn Đản, P. Hòa An, Quận Cẩm Lệ, Đà Nẵng",Thạch Sương Sáo,5000,4.5,Còn hàng,BandB - Cafe & Trà Sữa - Tôn Đản
